City_ID,City,Country,Date,Lat,Lng,Max Temp,Humidity,Cloudiness,Wind Speed
0,Souillac,MU,2022-12-19 20:28:24,-20.5167,57.5167,75.58,83,40,6.91
1,Albany,US,2022-12-19 20:24:24,42.6001,-73.9662,34.57,69,52,3.0
2,Kodiak,US,2022-12-19 20:28:24,57.79,-152.4072,29.71,64,0,16.11
3,Port Alfred,ZA,2022-12-19 20:28:25,-33.5906,26.891,67.17,84,97,5.99
4,Vaini,TO,2022-12-19 20:28:25,-21.2,-175.2,82.56,83,40,5.75
5,Busselton,AU,2022-12-19 20:28:25,-33.65,115.3333,65.8,55,0,9.26
6,Kargopol,RU,2022-12-19 20:28:26,61.5071,38.9456,15.73,97,100,2.66
7,Rikitea,PF,2022-12-19 20:28:26,-23.1203,-134.9692,76.96,83,100,18.19
8,Namatanai,PG,2022-12-19 20:28:27,-3.6667,152.4333,78.15,83,89,3.85
9,Ushuaia,AR,2022-12-19 20:26:50,-54.8,-68.3,65.82,45,0,9.22
10,Edd,ER,2022-12-19 20:28:27,13.9297,41.6925,81.01,45,1,13.76
11,Thompson,CA,2022-12-19 20:26:41,55.7435,-97.8558,-9.24,64,100,9.22
12,Bataipora,BR,2022-12-19 20:26:38,-22.2953,-53.2711,79.97,68,85,4.36
13,Atuona,PF,2022-12-19 20:28:27,-9.8,-139.0333,78.3,79,100,19.04
14,Arraial Do Cabo,BR,2022-12-19 20:26:46,-22.9661,-42.0278,73.36,78,100,10.36
15,Ribeira Grande,PT,2022-12-19 20:28:28,38.5167,-28.7,64.8,88,40,23.0
16,Henties Bay,NA,2022-12-19 20:26:57,-22.116,14.2845,62.1,92,0,4.94
17,Adre,TD,2022-12-19 20:28:28,13.4667,22.2,71.08,22,40,7.61
18,Sitka,US,2022-12-19 20:28:29,57.0531,-135.33,21.09,35,20,10.36
19,Geraldton,AU,2022-12-19 20:28:29,-28.7667,114.6,75.61,53,100,11.5
20,Bredasdorp,ZA,2022-12-19 20:28:29,-34.5322,20.0403,63.7,70,57,5.84
21,Kavaratti,IN,2022-12-19 20:28:30,10.5669,72.642,81.14,70,100,6.82
22,Cape Town,ZA,2022-12-19 20:24:36,-33.9258,18.4232,67.1,66,20,11.5
23,Yellowknife,CA,2022-12-19 20:28:30,62.456,-114.3525,-17.88,76,75,2.3
24,Erzin,TR,2022-12-19 20:28:31,36.9559,36.2,58.14,52,74,3.98
25,Imbituba,BR,2022-12-19 20:25:47,-28.24,-48.6703,72.86,94,100,19.22
26,Portmore,JM,2022-12-19 20:28:31,17.9702,-76.8672,88.05,67,40,20.71
27,Punta Arenas,CL,2022-12-19 20:25:04,-53.15,-70.9167,64.51,36,0,17.27
28,Jamestown,US,2022-12-19 20:28:32,42.097,-79.2353,29.79,70,100,13.8
29,Saskylakh,RU,2022-12-19 20:28:32,71.9167,114.0833,-5.03,98,100,8.55
30,Puerto Ayora,EC,2022-12-19 20:28:33,-0.7393,-90.3518,84.16,86,61,7.0
31,Yarmouth,US,2022-12-19 20:28:33,41.7057,-70.2286,42.1,54,75,28.01
32,Isangel,VU,2022-12-19 20:28:33,-19.55,169.2667,82.51,78,20,2.3
33,Gonbad-E Qabus,IR,2022-12-19 20:28:34,37.25,55.1672,40.91,93,0,1.14
34,Carnarvon,AU,2022-12-19 20:28:34,-24.8667,113.6333,72.54,84,0,6.98
35,Megion,RU,2022-12-19 20:28:34,61.0296,76.1136,3.22,94,100,15.55
36,Hobart,AU,2022-12-19 20:27:08,-42.8794,147.3294,54.05,87,75,3.44
37,Esna,EG,2022-12-19 20:28:35,25.2934,32.554,66.22,30,9,9.37
38,Mogok,MM,2022-12-19 20:28:35,22.9167,96.5,54.27,85,23,2.57
39,Asau,RO,2022-12-19 20:28:36,46.4333,26.4,18.52,55,2,2.35
40,Guymon,US,2022-12-19 20:28:36,36.6828,-101.4816,46.4,36,0,19.57
41,Berdigestyakh,RU,2022-12-19 20:28:36,62.0989,126.6992,-31.72,100,93,2.91
42,Porto Santo,PT,2022-12-19 20:28:37,33.072,-16.3415,68.38,88,75,12.66
43,Rasra,IN,2022-12-19 20:28:37,25.85,83.85,56.59,48,17,5.95
44,Bluff,NZ,2022-12-19 20:28:37,-46.6,168.3333,51.08,70,100,13.87
45,Langsa,ID,2022-12-19 20:29:38,4.4683,97.9683,73.49,98,100,1.97
46,Molln,DE,2022-12-19 20:29:38,53.6333,10.6833,44.47,84,100,8.05
47,Indramayu,ID,2022-12-19 20:29:38,-6.3264,108.32,79.41,78,55,1.48
48,Ilulissat,GL,2022-12-19 20:29:39,69.2167,-51.1,21.22,42,40,13.8
49,Castro,BR,2022-12-19 20:29:40,-24.7911,-50.0119,66.97,82,100,6.42
50,The Valley,AI,2022-12-19 20:29:40,18.217,-63.0578,82.26,78,20,12.66
51,Klaksvik,FO,2022-12-19 20:29:40,62.2266,-6.589,45.52,99,100,14.18
52,Grindavik,IS,2022-12-19 20:29:41,63.8424,-22.4338,28.35,74,40,40.29
53,Itaituba,BR,2022-12-19 20:29:42,-4.2761,-55.9836,84.36,74,75,5.75
54,Mar Del Plata,AR,2022-12-19 20:29:11,-38.0023,-57.5575,80.83,80,0,21.0
55,Cikupa,ID,2022-12-19 20:29:43,-6.2364,106.5083,80.37,81,20,2.59
56,Virginia Beach,US,2022-12-19 20:26:56,36.8529,-75.978,44.06,47,75,10.36
57,Mana,GF,2022-12-19 20:29:44,5.6592,-53.7767,74.1,95,100,8.46
58,Berlevag,NO,2022-12-19 20:29:44,70.8578,29.0864,33.8,74,75,14.97
59,North Bay,CA,2022-12-19 20:29:20,46.3168,-79.4663,24.12,82,100,8.05
60,Harbour Breton,CA,2022-12-19 20:29:45,47.4833,-55.7983,36.66,96,100,23.42
61,Itarema,BR,2022-12-19 20:29:46,-2.9248,-39.9167,81.73,65,62,16.42
62,Rorvik,NO,2022-12-19 20:29:47,64.8621,11.2373,30.31,64,0,9.22
63,Hilo,US,2022-12-19 20:29:47,19.7297,-155.09,76.28,83,100,4.61
64,Yar-Sale,RU,2022-12-19 20:28:25,66.8333,70.8333,-0.27,100,100,8.46
65,Victoria,HK,2022-12-19 20:25:33,22.2855,114.1577,60.24,77,79,11.99
66,Ranong,TH,2022-12-19 20:29:48,9.9658,98.6348,75.43,76,88,9.42
67,Hithadhoo,MV,2022-12-19 20:29:48,-0.6,73.0833,80.98,73,100,12.06
68,Tuktoyaktuk,CA,2022-12-19 20:29:48,69.4541,-133.0374,-22.0,76,40,4.61
69,Mataura,NZ,2022-12-19 20:29:49,-46.1927,168.8643,48.61,92,100,2.53
70,Cidreira,BR,2022-12-19 20:29:49,-30.1811,-50.2056,68.94,90,100,20.11
71,Kuching,MY,2022-12-19 20:29:49,1.55,110.3333,79.09,93,40,0.0
72,Kirakira,SB,2022-12-19 20:29:50,-10.4544,161.9205,80.69,83,28,5.55
73,Bethel,US,2022-12-19 20:29:50,41.3712,-73.414,37.54,59,100,10.36
74,Coihaique,CL,2022-12-19 20:29:50,-45.5752,-72.0662,70.41,50,100,4.68
75,Coquimbo,CL,2022-12-19 20:27:03,-29.9533,-71.3436,67.73,68,20,12.66
76,Ancud,CL,2022-12-19 20:29:51,-41.8697,-73.8203,61.21,60,100,8.39
77,Ambilobe,MG,2022-12-19 20:29:51,-13.2,49.05,76.15,87,97,2.71
78,Olafsvik,IS,2022-12-19 20:29:52,64.8945,-23.7142,27.91,71,100,50.76
79,Mangai,CD,2022-12-19 20:29:52,-4.05,19.5333,70.23,98,99,1.25
80,Maine-Soroa,NE,2022-12-19 20:29:52,13.2114,12.0241,70.54,23,8,8.48
81,Monrovia,LR,2022-12-19 20:29:53,6.3005,-10.7969,79.83,78,71,7.34
82,Barranca,PE,2022-12-19 20:29:53,-10.75,-77.7667,74.7,68,50,9.04
83,Goderich,CA,2022-12-19 20:29:53,43.7501,-81.7165,32.92,69,100,12.66
84,Tak Bai,TH,2022-12-19 20:29:53,6.2595,102.0546,77.07,93,100,11.07
85,Kieta,PG,2022-12-19 20:29:54,-6.2167,155.6333,79.2,84,100,3.09
86,Boden,SE,2022-12-19 20:29:54,65.8252,21.6886,-0.4,96,100,3.6
87,Saint-Philippe,RE,2022-12-19 20:29:55,-21.3585,55.7679,78.39,78,56,13.6
88,Harper,LR,2022-12-19 20:29:55,4.375,-7.7169,79.43,81,22,7.56
89,Ponta Do Sol,PT,2022-12-19 20:29:55,32.6667,-17.1,72.01,94,99,10.49
90,Airai,TL,2022-12-19 20:29:56,-8.9266,125.4092,60.91,93,100,1.28
91,Emerald,AU,2022-12-19 20:30:56,-23.5333,148.1667,66.34,84,1,14.16
92,Ekhabi,RU,2022-12-19 20:30:56,53.5102,142.9671,-5.91,87,100,21.85
93,Bilma,NE,2022-12-19 20:30:57,18.6853,12.9164,68.59,29,67,8.16
94,Wajir,KE,2022-12-19 20:30:57,1.7471,40.0573,82.26,24,7,9.82
95,Butaritari,KI,2022-12-19 20:30:58,3.0707,172.7902,80.67,82,25,16.82
96,Longyearbyen,SJ,2022-12-19 20:30:58,78.2186,15.6401,13.84,73,75,10.36
97,Broome,US,2022-12-19 20:30:59,42.2506,-75.833,32.9,75,100,8.05
98,Fairbanks,US,2022-12-19 20:30:59,64.8378,-147.7164,-23.4,71,20,0.0
99,Anadyr,RU,2022-12-19 20:31:00,64.75,177.4833,28.9,86,100,35.79
100,Port Elizabeth,ZA,2022-12-19 20:31:00,-33.918,25.5701,65.1,88,75,13.8
101,Tiksi,RU,2022-12-19 20:31:01,71.6872,128.8694,-12.42,97,70,9.33
102,Beloha,MG,2022-12-19 20:31:02,-25.1667,45.05,73.94,88,100,8.79
103,Port Blair,IN,2022-12-19 20:31:02,11.6667,92.75,80.64,69,40,8.05
104,Filadelfia,US,2022-12-19 20:27:25,39.9523,-75.1638,37.06,58,100,14.97
105,Donegal,IE,2022-12-19 20:31:03,54.65,-8.1167,45.01,78,51,20.22
106,Orotukan,RU,2022-12-19 20:31:03,62.2667,151.7,-2.58,99,100,5.17
107,Cherskiy,RU,2022-12-19 20:26:55,68.75,161.3,21.27,73,17,7.0
108,Sabzevar,IR,2022-12-19 20:31:04,36.2126,57.6819,41.59,61,0,0.76
109,Leshukonskoye,RU,2022-12-19 20:31:04,64.8989,45.7622,-9.63,100,99,2.37
110,Goias,BR,2022-12-19 20:31:05,-15.5807,-49.6362,73.36,91,86,6.46
111,Port Hardy,CA,2022-12-19 20:31:05,50.6996,-127.4199,23.18,68,75,16.11
112,Dikson,RU,2022-12-19 20:31:06,73.5069,80.5464,-19.07,98,61,0.43
113,Hambantota,LK,2022-12-19 20:31:06,6.1241,81.1185,75.65,85,74,10.11
114,Sigli,ID,2022-12-19 20:31:07,5.3848,95.9609,77.04,86,75,3.51
115,Upington,ZA,2022-12-19 20:31:07,-28.4478,21.2561,79.18,27,0,11.5
116,Sisimiut,GL,2022-12-19 20:31:07,66.9395,-53.6735,22.01,56,27,11.3
117,San Cristobal,VE,2022-12-19 20:31:08,7.7669,-72.225,75.38,53,90,2.53
118,Tancheng,CN,2022-12-19 20:31:08,27.4375,115.4976,39.25,53,23,1.92
119,Carballo,ES,2022-12-19 20:31:09,43.213,-8.691,60.49,93,100,12.57
120,Jaguarari,BR,2022-12-19 20:31:09,-10.2639,-40.1958,76.95,46,11,4.81
121,Paredon,MX,2022-12-19 20:31:10,16.0333,-93.8667,84.85,62,57,7.78
122,San Patricio,US,2022-12-19 20:31:10,28.017,-97.5169,53.47,88,100,12.73
123,Abu Dhabi,AE,2022-12-19 20:31:11,24.4667,54.3667,71.96,72,0,0.0
124,Limoux,FR,2022-12-19 20:31:11,42.9167,2.1667,51.1,93,100,4.94
125,Lar,IN,2022-12-19 20:31:12,26.2039,83.9717,57.29,52,10,5.77
126,Fort Nelson,CA,2022-12-19 20:30:56,58.8053,-122.7002,-33.21,68,0,0.0
127,Faanui,PF,2022-12-19 20:31:12,-16.4833,-151.75,79.66,74,100,12.37
128,Hermanus,ZA,2022-12-19 20:31:13,-34.4187,19.2345,58.8,74,100,6.76
129,Yenagoa,NG,2022-12-19 20:31:13,4.9247,6.2642,79.52,84,20,5.48
130,Viedma,AR,2022-12-19 20:31:14,-40.8135,-62.9967,83.16,30,72,25.3
131,Tautira,PF,2022-12-19 20:31:14,-17.7333,-149.15,78.84,77,99,10.38
132,Severo-Kurilsk,RU,2022-12-19 20:31:15,50.6789,156.125,28.8,91,98,34.02
133,Road Town,VG,2022-12-19 20:29:34,18.4167,-64.6167,82.49,74,20,5.75
134,Bethanien,NA,2022-12-19 20:31:15,-26.502,17.1583,70.56,37,0,9.46
135,Lavrentiya,RU,2022-12-19 20:31:16,65.5833,-171.0,14.67,78,67,5.86
136,Tres Arroyos,AR,2022-12-19 20:32:16,-38.3739,-60.2798,88.45,20,29,20.83
137,Singkawang,ID,2022-12-19 20:32:17,0.9,109.0,74.98,93,72,3.24
138,Barrow,US,2022-12-19 20:32:17,71.2906,-156.7887,5.02,85,100,6.91
139,Saint-Joseph,RE,2022-12-19 20:32:18,-21.3667,55.6167,77.38,78,49,9.57
140,Antofagasta,CL,2022-12-19 20:32:18,-23.65,-70.4,72.68,70,7,9.44
141,Manakara,MG,2022-12-19 20:32:18,-22.1333,48.0167,77.0,87,97,9.31
142,Barinitas,VE,2022-12-19 20:32:19,8.7622,-70.4111,85.48,58,100,2.93
143,Lodingen,NO,2022-12-19 20:32:19,68.414,15.9951,24.94,89,67,6.42
144,Suntar,RU,2022-12-19 20:32:20,62.1444,117.6319,-21.46,97,100,5.03
145,Hasaki,JP,2022-12-19 20:28:55,35.7333,140.8333,27.0,45,0,13.62
146,Aklavik,CA,2022-12-19 20:32:20,68.2191,-135.0107,-31.0,75,20,3.44
147,Shubarshi,KZ,2022-12-19 20:32:21,48.5872,57.1869,29.25,84,100,7.63
148,Vila Velha,BR,2022-12-19 20:30:54,-20.3297,-40.2925,73.35,98,100,2.3
149,Xichang,CN,2022-12-19 20:32:22,27.8964,102.2634,38.48,88,0,1.14
150,Ishinomaki,JP,2022-12-19 20:32:22,38.4167,141.3,31.57,81,31,7.56
151,Nanortalik,GL,2022-12-19 20:32:23,60.1432,-45.2371,18.91,64,6,8.19
152,Constitucion,CL,2022-12-19 20:32:23,-35.3333,-72.4167,62.08,61,1,7.29
153,Mahebourg,MU,2022-12-19 20:32:13,-20.4081,57.7,77.25,83,40,6.91
154,East London,ZA,2022-12-19 20:32:24,-33.0153,27.9116,66.42,83,100,12.26
155,Beidao,CN,2022-12-19 20:29:47,34.5686,105.8933,27.18,42,100,3.71
156,Chernyshevskiy,RU,2022-12-19 20:32:24,63.0128,112.4714,-28.71,99,100,2.42
157,Paamiut,GL,2022-12-19 20:32:26,61.994,-49.6678,16.36,72,1,11.56
158,Rocha,UY,2022-12-19 20:31:27,-34.4833,-54.3333,74.61,56,62,15.32
159,Acapulco,MX,2022-12-19 20:31:01,16.8634,-99.8901,85.82,58,0,8.05
160,Nanchong,CN,2022-12-19 20:32:27,30.7951,106.0847,47.93,59,100,4.21
161,El Alto,PE,2022-12-19 20:32:27,-4.2714,-81.2147,78.46,73,61,9.57
162,Pecos,US,2022-12-19 20:31:14,31.4229,-103.4932,66.29,26,0,18.41
163,Khatanga,RU,2022-12-19 20:32:28,71.9667,102.5,-14.98,99,100,7.38
164,Avarua,CK,2022-12-19 20:32:28,-21.2078,-159.775,78.85,78,75,9.22
165,Provideniya,RU,2022-12-19 20:32:28,64.3833,-173.3,26.71,74,75,13.42
166,Haines Junction,CA,2022-12-19 20:32:28,60.7522,-137.5108,-43.65,66,96,1.14
167,Te Anau,NZ,2022-12-19 20:32:29,-45.4167,167.7167,54.93,62,22,3.09
168,Tulun,RU,2022-12-19 20:32:29,54.5611,100.5792,10.49,90,100,7.0
169,Pevek,RU,2022-12-19 20:32:30,69.7008,170.3133,19.26,59,0,9.46
170,Beringovskiy,RU,2022-12-19 20:32:30,63.05,179.3167,32.07,88,100,24.85
171,Sovetskiy,RU,2022-12-19 20:32:31,61.3614,63.5842,13.95,96,100,4.72
172,Krasnopillya,UA,2022-12-19 20:32:31,50.7746,35.2597,19.9,81,20,8.84
173,Nikolskoye,RU,2022-12-19 20:32:32,59.7035,30.7861,33.69,96,100,7.27
174,Madimba,TZ,2022-12-19 20:32:32,-10.4,40.3333,80.58,82,59,11.63
175,Toamasina,MG,2022-12-19 20:32:32,-18.1667,49.3833,77.0,88,40,2.3
176,Manta,EC,2022-12-19 20:32:33,-0.95,-80.7333,78.58,69,40,10.36
177,Churapcha,RU,2022-12-19 20:32:33,62.0025,132.4325,-49.76,100,60,2.06
178,Vrangel,RU,2022-12-19 20:32:34,42.7297,133.0839,8.89,62,0,10.04
179,Dali,CN,2022-12-19 20:32:34,25.7,100.1833,39.25,86,0,4.63
180,Umm Lajj,SA,2022-12-19 20:32:35,25.0213,37.2685,77.04,50,0,6.53
181,Mahendranagar,NP,2022-12-19 20:32:35,28.9167,80.3333,56.43,67,22,4.68
182,Ambatondrazaka,MG,2022-12-19 20:32:36,-17.8333,48.4167,67.96,93,11,1.97
183,Lakes Entrance,AU,2022-12-19 20:32:36,-37.8811,147.981,53.17,74,42,2.77
184,Georgetown,MY,2022-12-19 20:31:34,5.4112,100.3354,78.73,84,20,6.91
185,Sfantu Gheorghe,RO,2022-12-19 20:33:36,45.8667,25.7833,23.94,58,0,4.03
186,Wanning,CN,2022-12-19 20:33:37,18.8003,110.3967,65.93,85,100,7.14
187,Ambulu,ID,2022-12-19 20:33:37,-8.345,113.6058,74.37,89,84,3.04
188,Kapaa,US,2022-12-19 20:33:38,22.0752,-159.319,69.78,78,100,5.01
189,Waipawa,NZ,2022-12-19 20:33:38,-41.4122,175.5153,55.94,95,100,6.35
190,Lokosovo,RU,2022-12-19 20:33:38,61.1333,74.8167,8.62,94,100,14.65
191,Tocantins,BR,2022-12-19 20:33:38,-10.5,-48.0,77.29,87,60,0.81
192,Acari,PE,2022-12-19 20:33:39,-15.4311,-74.6158,80.35,61,28,10.54
193,Saint-Francois,FR,2022-12-19 20:33:39,46.4154,3.9054,54.84,67,0,13.8
194,Bathsheba,BB,2022-12-19 20:33:40,13.2167,-59.5167,83.01,86,40,19.57
195,Poum,NC,2022-12-19 20:33:40,-20.2333,164.0167,78.84,81,19,17.22
196,Humberto De Campos,BR,2022-12-19 20:33:40,-2.5983,-43.4611,80.01,75,89,8.16
197,Alyangula,AU,2022-12-19 20:33:41,-13.8483,136.4192,83.43,77,100,15.59
198,Marienburg,PL,2022-12-19 20:33:41,54.0359,19.0266,30.04,89,100,18.07
199,Hami,CN,2022-12-19 20:33:41,42.8,93.45,20.16,48,16,4.92
200,Muros,ES,2022-12-19 20:32:32,42.7762,-9.0603,61.68,95,100,26.44
201,Nenjiang,CN,2022-12-19 20:33:42,49.1833,125.2167,-31.77,100,36,1.66
202,Shahr-E Kord,IR,2022-12-19 20:33:42,32.3256,50.8644,24.57,93,0,2.3
203,Bandar-E Anzali,IR,2022-12-19 20:33:43,37.4727,49.4622,53.71,88,83,0.94
204,Rosetown,CA,2022-12-19 20:33:43,51.5501,-108.0014,-14.82,76,100,6.91
205,Ulladulla,AU,2022-12-19 20:33:43,-35.35,150.4667,58.37,71,100,8.68
206,Kahului,US,2022-12-19 20:33:44,20.8947,-156.47,79.84,79,40,26.46
207,Falam,MM,2022-12-19 20:33:44,22.9167,93.6833,47.35,93,100,3.24
208,Shelburne,CA,2022-12-19 20:33:45,44.0787,-80.2041,27.05,93,94,8.79
209,Chapais,CA,2022-12-19 20:32:55,49.7834,-74.8492,24.58,97,100,4.63
210,Pangnirtung,CA,2022-12-19 20:33:45,66.1451,-65.7125,15.8,100,100,0.0
211,Loa Janan,ID,2022-12-19 20:33:45,-0.583,117.095,73.02,99,100,1.74
212,Pronsk,RU,2022-12-19 20:33:46,54.1048,39.6092,22.21,92,98,13.18
213,Puerto Narino,CO,2022-12-19 20:33:46,-3.7703,-70.3831,81.32,76,99,2.68
214,Flinders,AU,2022-12-19 20:33:47,-34.5833,150.8552,60.19,73,100,7.0
215,Taoudenni,ML,2022-12-19 20:33:47,22.6783,-3.9836,68.61,22,0,11.1
216,Pavino,RU,2022-12-19 20:33:47,59.1139,46.1414,-8.07,100,100,2.75
217,Casper,US,2022-12-19 20:33:48,42.8666,-106.3131,30.81,51,0,17.27
218,Upernavik,GL,2022-12-19 20:33:48,72.7868,-56.1549,26.35,70,100,8.01
219,Rundu,NA,2022-12-19 20:32:06,-17.9333,19.7667,78.48,24,99,0.89
220,Cordele,US,2022-12-19 20:33:49,31.9635,-83.7824,57.7,33,0,4.61
221,Qaanaaq,GL,2022-12-19 20:33:49,77.484,-69.3632,1.8,87,60,3.85
222,Kaitangata,NZ,2022-12-19 20:33:49,-46.2817,169.8464,48.69,87,100,6.11
223,Salalah,OM,2022-12-19 20:33:50,17.0151,54.0924,78.89,34,20,11.5
224,Anshun,CN,2022-12-19 20:33:50,26.25,105.9333,40.98,58,99,4.72
225,Ixtapa,MX,2022-12-19 20:33:50,20.7,-105.2,76.23,65,0,10.36
226,Petropavlovsk-Kamchatskiy,RU,2022-12-19 20:32:22,53.0452,158.6483,23.59,63,75,6.71
227,Chishan,TW,2022-12-19 20:33:51,22.6392,120.3565,59.92,86,40,4.61
228,Bezdead,RO,2022-12-19 20:33:51,45.15,25.5167,27.99,85,16,1.21
229,Anito,PH,2022-12-19 20:34:52,12.4497,125.2886,76.55,90,100,13.02
230,Port Augusta,AU,2022-12-19 20:34:52,-32.5,137.7667,78.4,31,92,10.8
231,Teknaf,BD,2022-12-19 20:34:52,20.8624,92.3058,66.18,89,100,6.17
232,Lorengau,PG,2022-12-19 20:34:53,-2.0226,147.2712,80.06,80,100,4.88
233,Qandala,SO,2022-12-19 20:34:53,11.472,49.8728,76.68,67,63,5.1
234,Tasiilaq,GL,2022-12-19 20:34:54,65.6145,-37.6368,10.56,54,0,5.5
235,Chokurdakh,RU,2022-12-19 20:34:54,70.6333,147.9167,-7.6,100,99,3.24
236,Port Lincoln,AU,2022-12-19 20:34:54,-34.7333,135.8667,65.77,72,86,4.25
237,Tanete,ID,2022-12-19 20:34:55,-3.9443,119.7848,74.28,92,99,3.47
238,Stornoway,GB,2022-12-19 20:34:55,58.2093,-6.3865,44.56,87,40,13.8
239,Amudat,UG,2022-12-19 20:34:55,1.95,34.95,71.73,44,12,6.78
240,Ucluelet,CA,2022-12-19 20:32:20,48.9329,-125.5528,33.1,81,100,11.52
241,Abha,SA,2022-12-19 20:34:56,18.2164,42.5053,53.42,82,0,9.22
242,Torbay,CA,2022-12-19 20:31:00,47.6666,-52.7314,38.57,97,100,23.02
243,Manzanillo,CU,2022-12-19 20:34:56,20.3433,-77.1167,88.27,41,21,4.23
244,College,US,2022-12-19 20:34:57,64.8569,-147.8028,-23.42,70,20,0.0
245,Hidalgotitlan,MX,2022-12-19 20:34:57,17.7833,-94.6333,73.42,83,93,2.42
246,Padang,ID,2022-12-19 20:34:57,-0.9492,100.3543,76.66,83,52,3.67
247,Codrington,AU,2022-12-19 20:34:58,-38.2667,141.9667,55.02,63,56,11.7
248,Bambanglipuro,ID,2022-12-19 20:34:58,-7.95,110.2833,76.3,86,14,2.48
249,Kaeo,NZ,2022-12-19 20:34:58,-35.1,173.7833,69.82,62,42,4.85
250,Takoradi,GH,2022-12-19 20:34:59,4.8845,-1.7554,79.9,82,56,8.7
251,Pangai,TO,2022-12-19 20:34:59,-19.8,-174.35,82.51,78,20,8.05
252,Lata,PT,2022-12-19 20:35:00,40.1629,-8.3327,60.08,91,100,9.71
253,Norman Wells,CA,2022-12-19 20:35:00,65.282,-126.8329,-29.16,75,20,5.75
254,Inirida,CO,2022-12-19 20:35:00,3.8653,-67.9239,76.91,93,98,4.32
255,Bongaigaon,IN,2022-12-19 20:35:01,26.4782,90.5568,60.75,67,29,3.13
256,Pisco,PE,2022-12-19 20:35:01,-13.7,-76.2167,78.85,65,0,17.27
257,Saint-Pierre,RE,2022-12-19 20:35:01,-21.3393,55.4781,78.48,69,100,3.44
258,Veisiejai,LT,2022-12-19 20:35:02,54.1,23.7,23.49,79,100,13.58
259,Chengde,CN,2022-12-19 20:35:02,40.9725,117.9361,13.68,65,57,0.29
260,Marsa Matruh,EG,2022-12-19 20:35:03,31.3525,27.2453,68.2,73,40,16.11
261,Kununurra,AU,2022-12-19 20:35:03,-15.7667,128.7333,76.98,94,100,5.75
262,Kjollefjord,NO,2022-12-19 20:35:03,70.9457,27.3465,35.65,69,40,20.71
263,New Norfolk,AU,2022-12-19 20:35:04,-42.7826,147.0587,54.72,65,3,2.26
264,Mkushi,ZM,2022-12-19 20:35:04,-13.6202,29.3939,66.16,90,100,2.15
265,Burns Lake,CA,2022-12-19 20:35:05,54.2331,-125.7533,-20.78,68,10,2.06
266,Ayan,RU,2022-12-19 20:35:05,56.45,138.1667,-10.23,73,54,17.16
267,Auchi,NG,2022-12-19 20:35:06,7.0667,6.2667,78.96,28,8,1.54
268,Ballina,AU,2022-12-19 20:35:06,-28.8667,153.5667,62.78,78,76,12.28
269,Bayir,TR,2022-12-19 20:35:06,37.2687,28.2167,48.72,93,15,6.69
270,Hamilton,US,2022-12-19 20:33:25,39.1834,-84.5333,35.24,57,0,3.44
271,Mount Gambier,AU,2022-12-19 20:35:07,-37.8333,140.7667,59.14,52,96,6.24
272,Deniliquin,AU,2022-12-19 20:35:07,-35.5333,144.9667,64.11,33,2,11.88
273,Guerrero Negro,MX,2022-12-19 20:30:17,27.9769,-114.0611,68.56,33,10,6.4
274,Kumluca,TR,2022-12-19 20:35:08,36.3703,30.2869,63.28,63,3,3.71
275,Huambo,AO,2022-12-19 20:35:08,-12.7761,15.7392,59.85,94,70,4.14
276,Metro,ID,2022-12-19 20:35:09,-5.1131,105.3067,74.86,93,79,3.4
277,Kambove,CD,2022-12-19 20:36:09,-10.8764,26.5969,62.78,96,100,8.1
278,Pocone,BR,2022-12-19 20:36:10,-16.2567,-56.6228,81.05,78,74,5.68
279,Tahe,CN,2022-12-19 20:36:10,52.3333,124.7333,-21.77,95,100,3.09
280,Saint Anthony,US,2022-12-19 20:36:11,45.0205,-93.218,12.9,84,100,8.05
281,Ust-Maya,RU,2022-12-19 20:36:11,60.4167,134.5333,-48.24,100,81,0.87
282,Touros,BR,2022-12-19 20:36:11,-5.1989,-35.4608,78.8,75,0,12.21
283,Duluth,US,2022-12-19 20:36:12,46.7833,-92.1066,12.07,79,75,4.61
284,Lebu,CL,2022-12-19 20:36:12,-37.6167,-73.65,61.5,64,68,10.6
285,Kavieng,PG,2022-12-19 20:36:13,-2.5744,150.7967,80.29,80,100,4.65
286,Morant Bay,JM,2022-12-19 20:33:43,17.8815,-76.4093,83.82,68,5,10.18
287,Vammala,FI,2022-12-19 20:36:13,61.3333,22.9,27.57,96,100,5.59
288,Traverse City,US,2022-12-19 20:36:13,44.7631,-85.6206,27.0,90,100,6.26
289,Tiarei,PF,2022-12-19 20:36:14,-17.5333,-149.3333,86.02,77,94,9.71
290,Plettenberg Bay,ZA,2022-12-19 20:36:14,-34.0527,23.3716,63.82,75,91,10.31
291,Mumford,GH,2022-12-19 20:36:15,5.2618,-0.759,79.81,84,49,8.61
292,Teeli,RU,2022-12-19 20:36:15,51.0333,90.2333,-4.07,94,100,0.89
293,Barabai,ID,2022-12-19 20:36:15,-2.5833,115.3833,72.9,92,99,1.28
294,Rouvroy,FR,2022-12-19 20:36:16,50.3925,2.904,49.87,72,98,16.24
295,Tuatapere,NZ,2022-12-19 20:36:16,-46.1333,167.6833,48.61,92,100,3.49
296,Garowe,SO,2022-12-19 20:36:17,8.4054,48.4845,72.48,56,37,12.08
297,Tadine,NC,2022-12-19 20:36:17,-21.55,167.8833,80.24,74,47,4.85
298,Lazaro Cardenas,MX,2022-12-19 20:32:51,17.9583,-102.2,82.6,51,78,10.87
299,Bose,IT,2022-12-19 20:36:17,45.4612,8.0137,39.74,82,100,2.89
300,Luba,GQ,2022-12-19 20:36:18,3.4568,8.5547,78.69,75,45,7.05
301,Fomboni,KM,2022-12-19 20:36:18,-12.28,43.7425,81.3,78,11,15.93
302,Cochrane,CA,2022-12-19 20:36:19,51.1834,-114.4687,-11.09,43,0,6.91
303,Iquitos,PE,2022-12-19 20:36:19,-3.7481,-73.2472,87.84,74,75,9.22
304,Saint George,US,2022-12-19 20:36:04,37.1041,-113.5841,49.62,35,0,3.0
305,Kruisfontein,ZA,2022-12-19 20:36:19,-34.0033,24.7314,62.89,70,77,13.85
306,Tiruchchendur,IN,2022-12-19 20:36:20,8.4833,78.1167,77.11,84,99,18.61
307,Narsaq,GL,2022-12-19 20:36:20,60.9167,-46.05,10.62,65,21,8.34
308,Hendek,TR,2022-12-19 20:36:21,40.7994,30.7481,39.15,91,100,6.35
309,Zhigansk,RU,2022-12-19 20:36:21,66.7697,123.3711,-26.46,89,85,17.36
310,Kondinskoye,RU,2022-12-19 20:36:21,59.6481,67.41,31.3,89,97,12.46
311,Mulchen,CL,2022-12-19 20:36:22,-37.7167,-72.2333,75.06,25,70,8.66
312,Taybad,IR,2022-12-19 20:36:22,34.74,60.7756,37.33,50,0,1.61
313,Voh,NC,2022-12-19 20:36:22,-20.9667,164.7,77.95,83,98,7.63
314,Chuy,UY,2022-12-19 20:36:23,-33.6971,-53.4616,71.98,69,27,13.44
315,San Juan,AR,2022-12-19 20:35:50,-31.5375,-68.5364,95.41,14,0,15.05
316,Pochutla,MX,2022-12-19 20:36:23,15.7432,-96.4661,87.82,49,98,7.2
317,Krasne,UA,2022-12-19 20:36:24,49.9145,24.6134,26.94,48,42,11.27
318,Tahmek,MX,2022-12-19 20:36:24,20.8833,-89.2667,85.96,55,90,5.73
319,Sao Joao Da Barra,BR,2022-12-19 20:36:24,-21.6403,-41.0511,73.49,93,100,18.79
320,Ahipara,NZ,2022-12-19 20:36:25,-35.1667,173.1667,68.63,65,23,4.21
321,Bubaque,GW,2022-12-19 20:36:25,11.2833,-15.8333,82.24,60,89,10.87
322,Akhmeta,GE,2022-12-19 20:36:26,42.0311,45.2075,48.72,83,100,1.92
323,Alofi,NU,2022-12-19 20:36:26,-19.0595,-169.9187,82.29,74,40,10.36
324,Baloda Bazar,IN,2022-12-19 20:36:26,21.6667,82.1667,58.42,34,83,3.18
325,Luderitz,NA,2022-12-19 20:37:27,-26.6481,15.1594,65.17,77,0,21.43
326,Altay,CN,2022-12-19 20:37:27,47.8667,88.1167,3.02,75,91,5.77
327,Half Moon Bay,US,2022-12-19 20:33:48,37.4636,-122.4286,56.61,78,0,6.91
328,Winslow,US,2022-12-19 20:37:28,35.0242,-110.6974,42.98,49,0,0.0
329,Laramie,US,2022-12-19 20:37:28,41.3114,-105.5911,33.96,23,0,27.63
330,Brenham,US,2022-12-19 20:33:00,30.1669,-96.3977,46.18,66,100,6.91
331,Yatou,CN,2022-12-19 20:37:28,37.15,122.3833,25.59,70,1,1.5
332,Uttaradit,TH,2022-12-19 20:37:29,17.6667,100.5,56.03,77,94,3.31
333,Magistralnyy,RU,2022-12-19 20:37:29,56.1725,107.4458,-4.14,99,100,2.46
334,Elko,US,2022-12-19 20:37:29,41.0002,-115.5012,8.62,81,84,1.28
335,Bambous Virieux,MU,2022-12-19 20:37:30,-20.3428,57.7575,77.22,83,40,6.91
336,Prince Rupert,CA,2022-12-19 20:37:30,54.3161,-130.3201,17.29,38,0,19.57
337,Smithers,CA,2022-12-19 20:37:30,54.7804,-127.1743,-14.48,70,40,9.22
338,Massaguet,TD,2022-12-19 20:37:31,12.4755,15.4365,73.76,20,34,10.0
339,Vila Franca Do Campo,PT,2022-12-19 20:37:31,37.7167,-25.4333,65.19,89,56,16.44
340,Cabo San Lucas,MX,2022-12-19 20:36:05,22.8909,-109.9124,77.61,64,20,8.05
341,Husavik,IS,2022-12-19 20:37:31,66.0449,-17.3389,23.7,84,100,31.47
342,Jijiga,ET,2022-12-19 20:37:32,9.35,42.8,57.18,43,1,9.24
343,Agadez,NE,2022-12-19 20:37:32,19.75,10.25,64.36,25,47,9.89
344,Kalmunai,LK,2022-12-19 20:37:32,7.4167,81.8167,74.44,91,100,8.52
345,Kamenka,RU,2022-12-19 20:37:33,51.3223,42.7678,23.5,90,86,12.37
346,Tura,IN,2022-12-19 20:37:33,25.5198,90.2201,59.43,80,29,2.64
347,Yining,CN,2022-12-19 20:37:34,29.0361,114.5636,36.73,51,17,1.23
348,Northam,GB,2022-12-19 20:37:34,51.0333,-4.2167,55.38,98,100,20.51
349,Cam Ranh,VN,2022-12-19 20:37:34,11.9214,109.1591,75.16,69,40,10.36
350,Mutis,CO,2022-12-19 20:37:35,6.2262,-77.4044,80.17,79,79,5.1
351,Chaman,PK,2022-12-19 20:36:17,30.9236,66.4512,42.37,56,0,1.57
352,Talnakh,RU,2022-12-19 20:37:35,69.4865,88.3972,-25.44,100,100,2.04
353,Muyezerskiy,RU,2022-12-19 20:37:35,63.9333,31.65,17.31,96,96,7.14
354,Chiredzi,ZW,2022-12-19 20:37:36,-21.05,31.6667,73.89,76,100,4.18
355,Kemijarvi,FI,2022-12-19 20:37:36,66.7131,27.4306,5.76,98,95,1.7
356,Manicore,BR,2022-12-19 20:37:37,-5.8092,-61.3003,78.75,83,75,16.11
357,Jhunjhunun,IN,2022-12-19 20:37:37,28.1307,75.4014,53.94,34,76,3.29
358,Axim,GH,2022-12-19 20:37:37,4.8699,-2.2405,79.16,84,73,7.94
359,Acarau,BR,2022-12-19 20:37:38,-2.8856,-40.12,79.86,72,35,17.94
360,Avera,US,2022-12-19 20:37:38,33.194,-82.5271,53.38,39,77,6.71
361,Arlit,NE,2022-12-19 20:37:38,18.7369,7.3853,68.54,23,0,11.39
362,Jacareacanga,BR,2022-12-19 20:37:39,-6.2222,-57.7528,74.73,94,100,1.41
363,Fare,PF,2022-12-19 20:37:39,-16.7,-151.0167,79.47,75,100,11.81
364,Bonavista,CA,2022-12-19 20:37:40,48.6499,-53.1147,35.51,97,100,27.78
365,Faya,SA,2022-12-19 20:37:40,18.3851,42.4509,53.71,65,0,2.39
366,Aloleng,PH,2022-12-19 20:37:40,16.1307,119.7824,76.57,72,100,7.92
367,Cairns,AU,2022-12-19 20:37:41,-16.9167,145.7667,77.07,94,75,8.05
368,Grand Gaube,MU,2022-12-19 20:37:41,-20.0064,57.6608,77.38,70,61,3.0
369,Turukhansk,RU,2022-12-19 20:37:41,65.8167,87.9833,-20.6,100,100,5.99
370,Vostok,RU,2022-12-19 20:37:42,46.4856,135.8833,-17.86,98,92,4.92
371,Bengkulu,ID,2022-12-19 20:37:42,-3.8004,102.2655,75.83,87,100,4.79
372,Porto Torres,IT,2022-12-19 20:38:42,40.835,8.3972,44.78,76,85,4.16
373,Westport,US,2022-12-19 20:34:38,41.1415,-73.3579,38.82,55,20,13.8
374,Sabang,ID,2022-12-19 20:38:43,5.8933,95.3214,78.66,84,99,11.56
375,Buala,SB,2022-12-19 20:38:43,-8.145,159.5921,82.06,77,40,4.34
376,Mondlo,ZA,2022-12-19 20:38:44,-27.983,30.7177,59.94,94,54,7.49
377,Burla,IN,2022-12-19 20:38:44,21.5,83.8667,59.16,43,92,1.92
378,Byron Bay,AU,2022-12-19 20:38:44,-28.65,153.6167,62.71,69,65,14.03
379,Sorland,NO,2022-12-19 20:38:45,67.667,12.6934,37.26,62,100,23.64
380,Santa Cruz De Tenerife,ES,2022-12-19 20:35:20,28.4682,-16.2546,72.28,71,0,3.44
381,Newport,GB,2022-12-19 20:36:40,51.5877,-2.9984,57.45,75,100,17.45
382,Yerbogachen,RU,2022-12-19 20:38:45,61.2767,108.0108,-12.28,97,100,6.17
383,Jinchang,CN,2022-12-19 20:38:46,38.4953,102.1739,19.53,57,85,2.17
384,Griffith,US,2022-12-19 20:38:46,41.5284,-87.4237,27.27,62,0,3.44
385,Muroto,JP,2022-12-19 20:38:46,33.2833,134.15,42.12,61,3,11.36
386,Pitkyaranta,RU,2022-12-19 20:38:47,61.5734,31.4792,24.51,86,77,8.41
387,Mathbaria,BD,2022-12-19 20:38:47,22.2876,89.9593,62.29,74,92,3.29
388,San Pedro,PH,2022-12-19 20:37:28,14.35,121.0167,78.35,86,75,5.75
389,Haimen,CN,2022-12-19 20:38:47,23.1935,116.6142,44.49,73,60,17.02
390,Havoysund,NO,2022-12-19 20:38:48,70.9963,24.6622,35.83,70,100,15.73
391,Warmbad,NA,2022-12-19 20:38:48,-28.45,18.7333,69.85,43,0,18.01
392,Marawi,PH,2022-12-19 20:38:48,7.9986,124.2928,67.08,95,100,1.12
393,Yumen,CN,2022-12-19 20:38:49,40.2833,97.2,18.41,64,73,23.13
394,Kharp,RU,2022-12-19 20:38:49,66.8014,65.8081,6.87,94,100,9.89
395,Quatre Cocos,MU,2022-12-19 20:38:49,-20.2078,57.7625,77.09,76,29,11.32
396,Magaria,NE,2022-12-19 20:38:50,12.9983,8.9099,68.25,23,1,8.81
397,Conde,BR,2022-12-19 20:38:50,-7.2597,-34.9075,81.86,65,20,8.05
398,Bonthe,SL,2022-12-19 20:38:50,7.5264,-12.505,80.47,79,84,7.38
399,Nelson Bay,AU,2022-12-19 20:38:51,-32.7167,152.15,65.1,73,100,7.0
400,Kiama,AU,2022-12-19 20:38:51,-34.6833,150.8667,63.0,76,100,1.01
401,Gat,IL,2022-12-19 20:38:51,31.61,34.7642,64.4,54,0,3.49
402,Minab,IR,2022-12-19 20:38:52,27.1467,57.0801,73.72,21,0,8.05
403,Novikovo,RU,2022-12-19 20:38:52,51.1537,37.8879,23.32,68,99,11.92
404,Nadvoitsy,RU,2022-12-19 20:38:52,63.8667,34.3167,11.75,98,78,4.99
405,Svetlogorsk,BY,2022-12-19 20:38:53,52.6333,29.7333,6.48,89,12,6.73
406,Ambon,ID,2022-12-19 20:38:53,-3.6954,128.1814,77.23,15,20,4.61
407,Davila,PH,2022-12-19 20:38:53,18.4726,120.5763,74.64,83,100,26.42
408,Honiara,SB,2022-12-19 20:38:54,-9.4333,159.95,81.39,78,17,3.96
409,Monteagudo,BO,2022-12-19 20:38:54,-19.8167,-63.9833,73.94,60,100,1.36
410,Kapit,MY,2022-12-19 20:38:55,2.0167,112.9333,73.33,99,100,0.89
411,Ghauspur,PK,2022-12-19 20:38:55,28.1391,69.0831,62.29,24,66,5.5
412,Onega,RU,2022-12-19 20:38:55,63.9061,38.1404,12.06,97,100,3.94
413,Tres Lagoas,BR,2022-12-19 20:38:56,-20.7511,-51.6783,79.95,69,100,6.4
414,San Angelo,US,2022-12-19 20:38:56,31.4638,-100.437,66.54,46,0,5.99
415,Trinidad,BO,2022-12-19 20:38:56,-14.8333,-64.9,75.18,94,100,5.75
416,Alice Springs,AU,2022-12-19 20:38:57,-23.7,133.8833,71.15,78,40,6.91
417,Okitipupa,NG,2022-12-19 20:39:57,6.5047,4.7839,73.67,70,19,0.94
418,Pokhara,NP,2022-12-19 20:38:15,28.2333,83.9833,54.82,55,5,5.17
419,Shingu,JP,2022-12-19 20:39:19,33.7333,135.9833,35.17,72,3,6.67
420,Devils Lake,US,2022-12-19 20:36:14,48.1128,-98.8651,-3.89,81,100,11.5
421,Santo Domingo,DO,2022-12-19 20:38:02,18.5001,-69.9886,85.68,76,40,8.05
422,Hyeres,FR,2022-12-19 20:39:58,43.1167,6.1167,56.68,90,75,3.44
423,Atar,MR,2022-12-19 20:39:58,20.5169,-13.0499,72.7,19,0,8.59
424,San Blas,MX,2022-12-19 20:39:58,21.5167,-105.2667,87.69,53,0,8.48
425,Esperance,AU,2022-12-19 20:39:59,-33.8667,121.9,57.78,87,40,3.65
426,Yabrud,SY,2022-12-19 20:39:59,33.9674,36.6574,44.29,40,0,5.46
427,Puerto Escondido,MX,2022-12-19 20:40:00,15.85,-97.0667,86.83,62,0,6.91
428,Vardo,NO,2022-12-19 20:40:00,70.3705,31.1107,26.58,80,75,11.5
429,Magway,MM,2022-12-19 20:40:00,20.15,94.9167,70.21,79,60,1.86
430,Bacabal,BR,2022-12-19 20:40:01,-4.2917,-44.7917,81.05,72,86,4.61
431,Sao Filipe,CV,2022-12-19 20:40:01,14.8961,-24.4956,77.58,60,27,11.45
432,Dukat,RU,2022-12-19 20:40:02,62.55,155.55,8.06,98,99,8.68
433,Puerto Madryn,AR,2022-12-19 20:39:01,-42.7692,-65.0385,70.99,53,81,23.64
434,Akureyri,IS,2022-12-19 20:40:03,65.6835,-18.0878,24.73,80,100,18.41
435,Yulara,AU,2022-12-19 20:40:03,-25.2406,130.9889,77.5,37,99,11.63
436,Zhezkazgan,KZ,2022-12-19 20:40:03,47.8043,67.7144,9.86,90,5,4.52
437,Lixourion,GR,2022-12-19 20:40:04,38.2019,20.4314,55.04,71,2,11.1
438,Amapa,BR,2022-12-19 20:40:04,1.0,-52.0,80.29,69,100,3.13
439,La Roche-Sur-Yon,FR,2022-12-19 20:40:04,46.6667,-1.4333,52.07,87,75,11.5
440,Nome,US,2022-12-19 20:35:31,64.5011,-165.4064,17.67,41,0,9.22
441,Tromso,NO,2022-12-19 20:40:05,69.6496,18.957,26.62,86,40,6.91
442,Vila,PT,2022-12-19 20:40:05,42.0304,-8.1588,49.08,94,100,9.01
443,Tete,MZ,2022-12-19 20:40:06,-16.1564,33.5867,73.38,94,100,2.64
444,Chapleau,CA,2022-12-19 20:40:06,47.8405,-83.4034,12.29,79,100,6.91
445,Effium,NG,2022-12-19 20:40:07,6.6292,8.0593,79.29,19,5,4.18
446,Khazar,RU,2022-12-19 20:40:07,41.9974,48.3332,39.85,94,100,21.92
447,Koungou,YT,2022-12-19 20:40:08,-12.7336,45.2042,80.31,83,40,8.05
448,Anloga,GH,2022-12-19 20:40:08,5.7947,0.8973,81.0,81,51,10.47
449,Puerto Del Rosario,ES,2022-12-19 20:36:59,28.5004,-13.8627,67.75,56,5,5.75
450,Jevargi,IN,2022-12-19 20:40:08,17.0167,76.7667,66.87,66,58,5.44
451,Naze,JP,2022-12-19 20:40:09,28.3667,129.4833,50.92,75,41,9.46
452,Lagoa,PT,2022-12-19 20:40:09,39.05,-27.9833,61.27,81,44,28.68
453,Tarakan,ID,2022-12-19 20:40:10,3.3,117.6333,77.97,86,100,8.63
454,Omboue,GA,2022-12-19 20:40:10,-1.5746,9.2618,77.63,89,100,5.01
455,Dunedin,NZ,2022-12-19 20:40:10,-45.8742,170.5036,51.8,94,92,1.99
456,Eastbourne,GB,2022-12-19 20:40:11,50.7687,0.2845,55.78,86,100,8.99
457,Craig,US,2022-12-19 20:40:11,40.5153,-107.5464,17.22,72,0,0.0
458,Tingi,TZ,2022-12-19 20:40:11,-11.3,35.0333,67.3,84,100,1.95
459,Wake Forest,US,2022-12-19 20:39:08,35.9799,-78.5097,49.05,43,0,6.91
460,Kargasok,RU,2022-12-19 20:41:12,59.0556,80.8572,2.3,98,99,9.64
461,Srednekolymsk,RU,2022-12-19 20:41:12,67.45,153.6833,-5.8,99,98,0.65
462,Pacific Grove,US,2022-12-19 20:41:13,36.6177,-121.9166,58.24,75,0,5.99
463,Los Llanos De Aridane,ES,2022-12-19 20:41:13,28.6585,-17.9182,63.12,53,20,7.0
464,Port Macquarie,AU,2022-12-19 20:41:14,-31.4333,152.9167,63.9,66,89,10.4
465,Killybegs,IE,2022-12-19 20:41:14,54.6333,-8.45,42.51,75,33,28.86
466,Matara,LK,2022-12-19 20:40:55,5.9485,80.5353,74.66,91,91,2.66
467,Marsh Harbour,BS,2022-12-19 20:41:15,26.5412,-77.0636,70.29,66,73,15.55
468,Carutapera,BR,2022-12-19 20:41:15,-1.195,-46.02,79.86,76,64,7.23
469,Shache,CN,2022-12-19 20:41:15,38.4167,77.2406,21.31,49,60,3.56
470,Lovozero,RU,2022-12-19 20:41:16,68.005,35.0117,18.52,93,100,5.06
471,Sistranda,NO,2022-12-19 20:37:43,63.7256,8.834,35.56,68,100,10.25
472,Kovdor,RU,2022-12-19 20:41:16,67.5662,30.4758,5.31,99,93,1.66
473,Tiznit,MA,2022-12-19 20:41:16,29.5833,-9.5,61.88,37,57,4.36
474,Araouane,ML,2022-12-19 20:41:17,18.9048,-3.5265,70.75,19,0,12.48
475,San Quintin,MX,2022-12-19 20:41:17,30.4833,-115.95,64.78,48,0,9.82
476,Kupang,ID,2022-12-19 20:41:18,-10.1667,123.5833,79.25,78,91,8.63
477,Tefe,BR,2022-12-19 20:41:18,-3.3542,-64.7114,87.91,74,40,9.22
478,Freeport,US,2022-12-19 20:41:18,40.6576,-73.5832,38.52,56,40,21.85
479,Nakamura,JP,2022-12-19 20:41:19,32.9833,132.9333,32.52,87,36,4.03
480,Novyy Urgal,RU,2022-12-19 20:41:19,51.0736,132.5642,-28.44,100,100,0.85
481,Roebourne,AU,2022-12-19 20:41:19,-20.7833,117.1333,75.34,74,1,4.88
482,Sakaiminato,JP,2022-12-19 20:41:20,35.55,133.2333,37.38,81,75,3.44
483,Karratha,AU,2022-12-19 20:41:20,-20.7377,116.8463,75.45,74,2,4.36
484,Snezhnogorsk,RU,2022-12-19 20:41:21,69.1933,33.2531,19.18,96,100,7.11
485,Nkoteng,CM,2022-12-19 20:41:21,4.5167,12.0333,70.7,57,51,3.13
486,Barra Do Garcas,BR,2022-12-19 20:41:22,-15.89,-52.2567,75.78,94,75,5.75
487,Dengzhou,CN,2022-12-19 20:41:22,37.8086,120.7508,28.8,63,17,6.89
488,Vidalia,US,2022-12-19 20:41:22,32.2177,-82.4135,58.95,36,0,8.05
489,Ilhabela,BR,2022-12-19 20:41:23,-23.7781,-45.3581,71.33,93,100,10.92
490,Bud,US,2022-12-19 20:41:23,39.447,-86.1758,33.67,63,98,1.48
491,Sao Joao Do Piaui,BR,2022-12-19 20:41:23,-8.3581,-42.2467,87.67,35,28,3.6
492,Hualmay,PE,2022-12-19 20:41:24,-11.0964,-77.6139,74.91,71,72,8.88
493,Saurimo,AO,2022-12-19 20:41:24,-9.6608,20.3916,62.73,97,100,4.07
494,Zyryanka,RU,2022-12-19 20:41:25,65.75,150.85,-4.9,97,100,12.64
495,Korla,CN,2022-12-19 20:41:25,41.7597,86.1469,17.02,56,0,3.33
496,Otradnoye,RU,2022-12-19 20:41:25,59.7775,30.8181,33.85,97,100,6.78
497,Narva-Joesuu,EE,2022-12-19 20:41:26,59.4589,28.0408,23.22,86,100,12.8
498,Leningradskiy,RU,2022-12-19 20:41:26,69.3833,178.4167,5.85,85,7,8.84
499,Katsuura,JP,2022-12-19 20:41:27,35.1333,140.3,42.13,54,3,8.34
500,Seddon,AU,2022-12-19 20:41:27,-37.8068,144.8916,58.51,82,0,5.75
501,Kattivakkam,IN,2022-12-19 20:41:27,13.2167,80.3167,77.09,81,86,11.39
502,Tabas,IR,2022-12-19 20:41:28,33.5959,56.9244,46.62,57,1,2.3
503,Morondava,MG,2022-12-19 20:41:28,-20.2833,44.2833,80.58,84,89,7.16
504,Talwandi Bhai,IN,2022-12-19 20:41:28,30.85,74.9333,51.8,38,36,1.97
505,Sinnamary,GF,2022-12-19 20:42:29,5.3833,-52.95,74.68,93,100,7.49
506,Moranbah,AU,2022-12-19 20:42:29,-22.0016,148.0466,70.63,69,0,16.26
507,Nizhneudinsk,RU,2022-12-19 20:42:29,54.9076,99.0276,11.46,75,86,7.56
508,Aseri,EE,2022-12-19 20:42:30,59.4506,26.8675,23.41,86,100,11.92
509,Darnah,LY,2022-12-19 20:42:30,32.767,22.6367,63.79,84,20,17.4
510,Mayo,US,2022-12-19 20:42:31,38.8876,-76.5119,41.18,50,0,11.5
511,Praia Da Vitoria,PT,2022-12-19 20:42:31,38.7333,-27.0667,62.85,82,20,20.15
512,Nikolayevka,RU,2022-12-19 20:42:32,53.1257,47.2041,18.18,86,99,6.64
513,Eureka,US,2022-12-19 20:42:32,40.8021,-124.1637,52.41,82,100,1.01
514,La Romana,DO,2022-12-19 20:42:32,18.4273,-68.9728,86.36,62,40,6.91
515,Heihe,CN,2022-12-19 20:42:33,50.2441,127.4902,-16.02,94,13,1.9
516,Balabac,PH,2022-12-19 20:42:33,7.9868,117.0645,81.28,80,100,11.14
517,Port Moresby,PG,2022-12-19 20:42:34,-9.4431,147.1797,74.62,94,40,5.75
518,West Plains,US,2022-12-19 20:42:34,36.7281,-91.8524,38.23,59,100,9.22
519,Rosetta,EG,2022-12-19 20:42:34,31.4044,30.4164,64.85,76,4,9.91
520,Sibu,MY,2022-12-19 20:42:35,2.3,111.8167,75.51,94,40,2.3
521,Mogadishu,SO,2022-12-19 20:42:12,2.0371,45.3438,77.95,79,13,19.48
522,Dauphin,CA,2022-12-19 20:38:48,51.1494,-100.0502,-5.66,71,0,5.75
523,Lerwick,GB,2022-12-19 20:42:35,60.1545,-1.1494,51.8,95,100,25.12
524,Ouadda,CF,2022-12-19 20:42:36,8.0777,22.4007,71.51,30,91,4.92
525,Dalbandin,PK,2022-12-19 20:42:36,28.8947,64.4101,48.24,44,0,5.64
526,Atherton,GB,2022-12-19 20:42:36,53.5237,-2.4935,53.29,80,68,3.0
527,Egvekinot,RU,2022-12-19 20:42:37,66.3167,-179.1667,15.31,51,8,8.59
528,Mazatan,MX,2022-12-19 20:42:37,14.8667,-92.45,83.28,66,4,6.33
529,Cabrero,CL,2022-12-19 20:42:37,-37.0333,-72.4,75.15,29,48,13.38
530,Samut Songkhram,TH,2022-12-19 20:42:38,13.4,99.9583,64.06,68,23,7.54
531,Kamina,CD,2022-12-19 20:42:38,-8.7386,24.9906,62.42,98,100,3.74
532,Port-Gentil,GA,2022-12-19 20:42:38,-0.7193,8.7815,80.11,81,100,7.18
533,Seminole,US,2022-12-19 20:42:39,28.7086,-81.2081,74.25,58,0,10.36
534,Pervomayskiy,RU,2022-12-19 20:42:39,53.2485,40.2871,20.73,93,98,10.85
535,Makat,KZ,2022-12-19 20:42:40,47.6469,53.3463,31.96,92,100,9.1
536,Adrar,MR,2022-12-19 20:42:40,20.5022,-10.0711,69.19,20,0,11.99
537,Sinjai,ID,2022-12-19 20:42:40,-5.1241,120.253,73.47,85,100,3.71
538,Binzhou,CN,2022-12-19 20:39:11,37.3667,118.0167,29.16,43,97,5.5
539,Iqaluit,CA,2022-12-19 20:42:41,63.7506,-68.5145,19.13,93,100,4.61
540,Nizhnedevitsk,RU,2022-12-19 20:42:41,51.5419,38.3657,22.69,76,97,12.62
541,Chifeng,CN,2022-12-19 20:39:14,42.2683,118.9636,11.3,64,78,4.34
542,Macau,MO,2022-12-19 20:42:08,22.2006,113.5461,58.8,82,0,11.5
543,Port Angeles,US,2022-12-19 20:42:41,48.1181,-123.4307,31.08,79,100,14.97
544,Chute-Aux-Outardes,CA,2022-12-19 20:42:42,49.1168,-68.399,37.38,81,100,11.5
545,La Carolina,ES,2022-12-19 20:42:42,38.2756,-3.6153,46.94,68,99,2.28
546,Novyy Oskol,RU,2022-12-19 20:42:43,50.7631,37.8691,23.76,68,91,11.88
547,Kasama,ZM,2022-12-19 20:42:44,-10.2129,31.1808,63.72,93,100,1.77
548,Dakar,SN,2022-12-19 20:42:44,14.6937,-17.4441,79.68,73,0,6.91
549,Abriaqui,CO,2022-12-19 20:42:45,6.6315,-76.0644,65.28,69,71,2.73
550,Puro,PH,2022-12-19 20:42:45,12.4841,123.3827,76.69,88,100,11.27
551,Nemuro,JP,2022-12-19 20:43:45,43.3236,145.575,23.09,68,7,13.2
552,Analipsis,GR,2022-12-19 20:43:46,35.3167,25.5667,60.12,77,89,20.87
553,Sakakah,SA,2022-12-19 20:43:46,29.9697,40.2064,54.97,47,0,7.25
554,Tutoia,BR,2022-12-19 20:43:47,-2.7619,-42.2744,79.99,75,63,13.8
555,Areosa,PT,2022-12-19 20:43:47,41.7178,-8.8571,59.9,95,100,26.73
556,Jasper,US,2022-12-19 20:43:48,37.2001,-94.3502,44.89,52,100,11.5
557,Hanting,CN,2022-12-19 20:43:48,36.7708,119.2108,29.88,62,73,7.23
558,Martapura,ID,2022-12-19 20:43:48,-3.4167,114.85,75.29,100,20,1.14
559,Nouadhibou,MR,2022-12-19 20:43:49,20.931,-17.0347,76.98,47,0,13.8
560,Roma,US,2022-12-19 20:43:49,43.2128,-75.4557,31.82,93,100,10.36
561,Labytnangi,RU,2022-12-19 20:43:49,66.6572,66.4183,3.85,94,100,15.12
562,Jumla,NP,2022-12-19 20:39:04,29.2747,82.1838,37.17,24,2,4.92
563,Gazanjyk,TM,2022-12-19 20:43:50,39.2446,55.5154,41.77,41,2,5.73
564,Aksarka,RU,2022-12-19 20:43:50,66.5606,67.7975,0.54,97,100,12.21
565,Yurla,RU,2022-12-19 20:43:50,59.3259,54.3223,0.77,94,84,9.35
566,Never,FR,2022-12-19 20:43:51,46.9896,3.159,53.35,81,100,8.39
567,Bastrop,US,2022-12-19 20:39:00,32.7562,-91.8724,38.88,96,100,3.44
568,Nata,PA,2022-12-19 20:43:51,8.3333,-80.5167,87.67,69,81,14.14
569,Dukuhturi,ID,2022-12-19 20:43:52,-6.9,109.0833,78.31,82,69,2.75
570,La Ronge,CA,2022-12-19 20:43:52,55.1001,-105.2842,-10.95,64,100,12.66
571,Gizo,SB,2022-12-19 20:43:52,-8.103,156.8419,83.1,72,27,5.66
572,Ostrovnoy,RU,2022-12-19 20:43:53,68.0531,39.5131,18.86,88,99,13.35
573,Dombasle-Sur-Meurthe,FR,2022-12-19 20:43:53,48.6252,6.3497,56.08,87,0,2.3
574,Isiro,CD,2022-12-19 20:43:54,2.7739,27.616,69.37,79,60,1.3
575,Boffa,GN,2022-12-19 20:43:54,10.1667,-14.0333,79.5,78,100,3.87
576,Hasanabad,IR,2022-12-19 20:43:54,36.5465,61.0543,42.26,54,0,3.83
